ISBN,Title,Author,Category,Publication,Request Purpose
978-4876191159,Cryptography and Network Security,William Stallings,Cybersecurity,Springer,Project Work
979-9123249931,Microelectronic Circuits,"Adel S. Sedra, Kenneth C. Smith",Electronics,Oxford,Reference
978-7495503126,Discrete Mathematics and Its Applications,Kenneth H. Rosen,Mathematics,McGraw-Hill,Course Study
978-7495503126,Discrete Mathematics and Its Applications,Kenneth H. Rosen,Mathematics,McGraw-Hill,Research
978-3734278757,Operating System Concepts,Abraham Silberschatz,Operating Systems,Wiley,Personal Interest
978-2046375790,The Art of Computer Programming,Donald Knuth,Algorithms,Cambridge,Personal Interest
978-7426436380,Database System Concepts,Abraham Silberschatz,Database Systems,Springer,Course Study
979-9866978310,Introduction to Algorithms,Thomas H. Cormen,Algorithms,Cambridge,Personal Interest
978-3226344261,Computer Networking: A Top-Down Approach,"James F. Kurose, Keith W. Ross",Networking,McGraw-Hill,Course Study
979-5383371552,Design Patterns: Elements of Reusable Object-Oriented Software,"Erich Gamma, Richard Helm",Software Engineering,Oxford,Reference
978-5728897941,Computer Vision: Algorithms and Applications,Richard Szeliski,AI & Machine Learning,Springer,Reference
978-5728897941,Computer Vision: Algorithms and Applications,Richard Szeliski,AI & Machine Learning,Springer,Course Study
979-2271940713,Computer Networking: A Top-Down Approach,"James F. Kurose, Keith W. Ross",Networking,Oxford,Personal Interest
979-5174470168,Digital Design,M. Morris Mano,Electronics,Springer,Course Study
979-7964638746,Design Patterns: Elements of Reusable Object-Oriented Software,"Erich Gamma, Richard Helm",Software Engineering,McGraw-Hill,Personal Interest
978-6900178016,Introduction to Algorithms,Thomas H. Cormen,Algorithms,Cambridge,Reference
978-2603345618,Computer Vision: Algorithms and Applications,Richard Szeliski,AI & Machine Learning,Springer,Personal Interest
979-3966559544,Microelectronic Circuits,"Adel S. Sedra, Kenneth C. Smith",Electronics,McGraw-Hill,Personal Interest
979-6950968183,Calculus,James Stewart,Mathematics,Pearson,Research
979-7383263846,Design Patterns: Elements of Reusable Object-Oriented Software,"Erich Gamma, Richard Helm",Software Engineering,McGraw-Hill,Personal Interest
978-6896474651,Calculus,James Stewart,Mathematics,O'Reilly,Personal Interest
978-3593189680,Computer Vision: Algorithms and Applications,Richard Szeliski,AI & Machine Learning,O'Reilly,Reference
979-2690142592,Introduction to the Theory of Computation,Michael Sipser,Computer Science,Wiley,Course Study
978-4469845196,Deep Learning,"Ian Goodfellow, Yoshua Bengio, Aaron Courville",AI & Machine Learning,Wiley,Research
978-2603345618,Computer Vision: Algorithms and Applications,Richard Szeliski,AI & Machine Learning,Springer,Research
979-8387625141,Deep Learning,"Ian Goodfellow, Yoshua Bengio, Aaron Courville",AI & Machine Learning,Pearson,Project Work
979-2216844724,Operating System Concepts,Abraham Silberschatz,Operating Systems,Cambridge,Personal Interest
978-7861274842,Discrete Mathematics and Its Applications,Kenneth H. Rosen,Mathematics,Cambridge,Project Work
979-4350581221,Principles of Economics,N. Gregory Mankiw,Economics,O'Reilly,Research
978-9485872528,Calculus,James Stewart,Mathematics,Pearson,Personal Interest
979-1900140581,Physics for Scientists and Engineers,"Raymond A. Serway, John W. Jewett",Physics,O'Reilly,Project Work
978-1340884785,Artificial Intelligence: A Modern Approach,"Stuart Russell, Peter Norvig",Computer Science,O'Reilly,Course Study
979-6901009454,Operating System Concepts,Abraham Silberschatz,Operating Systems,Oxford,Project Work
978-6267187921,Database System Concepts,Abraham Silberschatz,Database Systems,Oxford,Personal Interest
979-2916629362,Microelectronic Circuits,"Adel S. Sedra, Kenneth C. Smith",Electronics,Oxford,Research
978-8108193991,Deep Learning,"Ian Goodfellow, Yoshua Bengio, Aaron Courville",AI & Machine Learning,O'Reilly,Research
978-6327459568,Operating System Concepts,Abraham Silberschatz,Operating Systems,Oxford,Research
978-4415027984,Principles of Economics,N. Gregory Mankiw,Economics,Pearson,Research
978-6967143831,Deep Learning,"Ian Goodfellow, Yoshua Bengio, Aaron Courville",AI & Machine Learning,Oxford,Research
979-8385046105,Computer Networking: A Top-Down Approach,"James F. Kurose, Keith W. Ross",Networking,O'Reilly,Reference
978-6896474651,Calculus,James Stewart,Mathematics,O'Reilly,Personal Interest
979-4184062363,Computer Vision: Algorithms and Applications,Richard Szeliski,AI & Machine Learning,O'Reilly,Personal Interest
978-5727147800,Engineering Mechanics,R.C. Hibbeler,Engineering,Pearson,Reference
978-6798306290,Calculus,James Stewart,Mathematics,Springer,Personal Interest
978-8135377382,Calculus,James Stewart,Mathematics,McGraw-Hill,Project Work
978-7268573280,Introduction to Algorithms,Thomas H. Cormen,Algorithms,Springer,Research
979-5174470168,Digital Design,M. Morris Mano,Electronics,Springer,Project Work
978-6267187921,Database System Concepts,Abraham Silberschatz,Database Systems,Oxford,Project Work
979-1555208568,The Lean Startup,Eric Ries,Business & Management,McGraw-Hill,Project Work
979-6575313980,Design Patterns: Elements of Reusable Object-Oriented Software,"Erich Gamma, Richard Helm",Software Engineering,Wiley,Reference
979-5289458725,Digital Design,M. Morris Mano,Electronics,Springer,Course Study
978-3251108872,Operating System Concepts,Abraham Silberschatz,Operating Systems,Cambridge,Personal Interest
978-7447054548,Engineering Mechanics,R.C. Hibbeler,Engineering,Cambridge,Research
978-5636656690,Database System Concepts,Abraham Silberschatz,Database Systems,Pearson,Reference
978-4876191159,Cryptography and Network Security,William Stallings,Cybersecurity,Springer,Personal Interest
978-8456042491,Computer Vision: Algorithms and Applications,Richard Szeliski,AI & Machine Learning,Pearson,Course Study
979-9123249931,Microelectronic Circuits,"Adel S. Sedra, Kenneth C. Smith",Electronics,Oxford,Research
979-6458139630,Computer Vision: Algorithms and Applications,Richard Szeliski,AI & Machine Learning,Cambridge,Course Study
979-2389745019,Microelectronic Circuits,"Adel S. Sedra, Kenneth C. Smith",Electronics,Pearson,Research
978-2240066140,The C Programming Language,"Brian W. Kernighan, Dennis M. Ritchie",Programming,Cambridge,Project Work
978-4620979279,Introduction to Algorithms,Thomas H. Cormen,Algorithms,O'Reilly,Course Study
978-2829807266,Computer Vision: Algorithms and Applications,Richard Szeliski,AI & Machine Learning,Wiley,Reference
978-2330641724,The Art of Computer Programming,Donald Knuth,Algorithms,Wiley,Project Work
978-5699092276,Engineering Mechanics,R.C. Hibbeler,Engineering,Pearson,Personal Interest
978-8304031522,The Art of Computer Programming,Donald Knuth,Algorithms,O'Reilly,Research
979-8954192963,Design Patterns: Elements of Reusable Object-Oriented Software,"Erich Gamma, Richard Helm",Software Engineering,McGraw-Hill,Course Study
979-6491356066,Computer Vision: Algorithms and Applications,Richard Szeliski,AI & Machine Learning,Cambridge,Reference
978-6327459568,Operating System Concepts,Abraham Silberschatz,Operating Systems,Oxford,Research
978-8304031522,The Art of Computer Programming,Donald Knuth,Algorithms,O'Reilly,Project Work
979-4184062363,Computer Vision: Algorithms and Applications,Richard Szeliski,AI & Machine Learning,O'Reilly,Course Study
978-1069529647,Database System Concepts,Abraham Silberschatz,Database Systems,Pearson,Reference
978-8283811097,Introduction to Algorithms,Thomas H. Cormen,Algorithms,Oxford,Course Study
978-3843808371,Computer Networking: A Top-Down Approach,"James F. Kurose, Keith W. Ross",Networking,Cambridge,Research
979-9785982369,The C Programming Language,"Brian W. Kernighan, Dennis M. Ritchie",Programming,Wiley,Reference
979-1880074372,Introduction to the Theory of Computation,Michael Sipser,Computer Science,Springer,Personal Interest
978-5699092276,Engineering Mechanics,R.C. Hibbeler,Engineering,Pearson,Course Study
978-9358061759,Design Patterns: Elements of Reusable Object-Oriented Software,"Erich Gamma, Richard Helm",Software Engineering,O'Reilly,Research
978-4620083122,Discrete Mathematics and Its Applications,Kenneth H. Rosen,Mathematics,Wiley,Reference
978-3226344261,Computer Networking: A Top-Down Approach,"James F. Kurose, Keith W. Ross",Networking,McGraw-Hill,Personal Interest
978-4435632363,Operating System Concepts,Abraham Silberschatz,Operating Systems,Pearson,Personal Interest
978-4620979279,Introduction to Algorithms,Thomas H. Cormen,Algorithms,O'Reilly,Research
978-9567255425,Principles of Economics,N. Gregory Mankiw,Economics,Pearson,Research
979-9457363874,Introduction to the Theory of Computation,Michael Sipser,Computer Science,Wiley,Research
979-7383263846,Design Patterns: Elements of Reusable Object-Oriented Software,"Erich Gamma, Richard Helm",Software Engineering,McGraw-Hill,Project Work
978-4620083122,Discrete Mathematics and Its Applications,Kenneth H. Rosen,Mathematics,Wiley,Research
979-7734725477,Database System Concepts,Abraham Silberschatz,Database Systems,McGraw-Hill,Course Study
978-1449746916,The Lean Startup,Eric Ries,Business & Management,Cambridge,Reference
979-2146824669,Design Patterns: Elements of Reusable Object-Oriented Software,"Erich Gamma, Richard Helm",Software Engineering,McGraw-Hill,Project Work
979-3079102601,Operating System Concepts,Abraham Silberschatz,Operating Systems,McGraw-Hill,Research
978-3226344261,Computer Networking: A Top-Down Approach,"James F. Kurose, Keith W. Ross",Networking,McGraw-Hill,Reference
979-1594815924,Introduction to the Theory of Computation,Michael Sipser,Computer Science,McGraw-Hill,Reference
978-6388185440,Design Patterns: Elements of Reusable Object-Oriented Software,"Erich Gamma, Richard Helm",Software Engineering,Cambridge,Research
979-8387625141,Deep Learning,"Ian Goodfellow, Yoshua Bengio, Aaron Courville",AI & Machine Learning,Pearson,Research
978-4779903263,Microelectronic Circuits,"Adel S. Sedra, Kenneth C. Smith",Electronics,Springer,Reference
979-4968708505,Physics for Scientists and Engineers,"Raymond A. Serway, John W. Jewett",Physics,O'Reilly,Personal Interest
979-2389745019,Microelectronic Circuits,"Adel S. Sedra, Kenneth C. Smith",Electronics,Pearson,Reference
978-1565926746,The Art of Computer Programming,Donald Knuth,Algorithms,Springer,Reference
979-4968708505,Physics for Scientists and Engineers,"Raymond A. Serway, John W. Jewett",Physics,O'Reilly,Course Study
978-7495345708,Deep Learning,"Ian Goodfellow, Yoshua Bengio, Aaron Courville",AI & Machine Learning,O'Reilly,Reference
979-9457363874,Introduction to the Theory of Computation,Michael Sipser,Computer Science,Wiley,Course Study
979-7015488403,Digital Design,M. Morris Mano,Electronics,Oxford,Reference
978-1340884785,Artificial Intelligence: A Modern Approach,"Stuart Russell, Peter Norvig",Computer Science,O'Reilly,Personal Interest
979-8387625141,Deep Learning,"Ian Goodfellow, Yoshua Bengio, Aaron Courville",AI & Machine Learning,Pearson,Project Work
978-6327459568,Operating System Concepts,Abraham Silberschatz,Operating Systems,Oxford,Course Study
978-7416409243,Engineering Mechanics,R.C. Hibbeler,Engineering,Wiley,Personal Interest
979-7015488403,Digital Design,M. Morris Mano,Electronics,Oxford,Research
978-6765652345,Database System Concepts,Abraham Silberschatz,Database Systems,McGraw-Hill,Personal Interest
978-6388185440,Design Patterns: Elements of Reusable Object-Oriented Software,"Erich Gamma, Richard Helm",Software Engineering,Cambridge,Reference
978-9309450425,The C Programming Language,"Brian W. Kernighan, Dennis M. Ritchie",Programming,Oxford,Personal Interest
978-1560254950,Computer Networking: A Top-Down Approach,"James F. Kurose, Keith W. Ross",Networking,Oxford,Research
979-4920654779,Computer Networking: A Top-Down Approach,"James F. Kurose, Keith W. Ross",Networking,Pearson,Research
979-5211412263,Introduction to the Theory of Computation,Michael Sipser,Computer Science,O'Reilly,Research
978-8135377382,Calculus,James Stewart,Mathematics,McGraw-Hill,Reference
978-8108193991,Deep Learning,"Ian Goodfellow, Yoshua Bengio, Aaron Courville",AI & Machine Learning,O'Reilly,Research
978-3045662176,Discrete Mathematics and Its Applications,Kenneth H. Rosen,Mathematics,Pearson,Course Study
979-9457363874,Introduction to the Theory of Computation,Michael Sipser,Computer Science,Wiley,Personal Interest
978-7447054548,Engineering Mechanics,R.C. Hibbeler,Engineering,Cambridge,Research
978-2503164934,Computer Vision: Algorithms and Applications,Richard Szeliski,AI & Machine Learning,McGraw-Hill,Project Work
978-5048578249,Computer Networking: A Top-Down Approach,"James F. Kurose, Keith W. Ross",Networking,Oxford,Course Study
979-7491640891,Database System Concepts,Abraham Silberschatz,Database Systems,McGraw-Hill,Personal Interest
979-5441377021,Cryptography and Network Security,William Stallings,Cybersecurity,Wiley,Project Work
978-3843808371,Computer Networking: A Top-Down Approach,"James F. Kurose, Keith W. Ross",Networking,Cambridge,Research
978-6967143831,Deep Learning,"Ian Goodfellow, Yoshua Bengio, Aaron Courville",AI & Machine Learning,Oxford,Research
978-3367090997,The Art of Computer Programming,Donald Knuth,Algorithms,Pearson,Project Work
979-4350581221,Principles of Economics,N. Gregory Mankiw,Economics,O'Reilly,Course Study
978-1565926746,The Art of Computer Programming,Donald Knuth,Algorithms,Springer,Reference
978-4469845196,Deep Learning,"Ian Goodfellow, Yoshua Bengio, Aaron Courville",AI & Machine Learning,Wiley,Reference
979-9928038221,Introduction to the Theory of Computation,Michael Sipser,Computer Science,Oxford,Reference
978-9314867019,The C Programming Language,"Brian W. Kernighan, Dennis M. Ritchie",Programming,McGraw-Hill,Research
978-1449746916,The Lean Startup,Eric Ries,Business & Management,Cambridge,Reference
978-7861274842,Discrete Mathematics and Its Applications,Kenneth H. Rosen,Mathematics,Cambridge,Project Work
978-1840264931,Engineering Mechanics,R.C. Hibbeler,Engineering,McGraw-Hill,Course Study
978-9771293673,Microelectronic Circuits,"Adel S. Sedra, Kenneth C. Smith",Electronics,Wiley,Course Study
979-2389745019,Microelectronic Circuits,"Adel S. Sedra, Kenneth C. Smith",Electronics,Pearson,Project Work
979-8954192963,Design Patterns: Elements of Reusable Object-Oriented Software,"Erich Gamma, Richard Helm",Software Engineering,McGraw-Hill,Research
978-2744277049,Computer Vision: Algorithms and Applications,Richard Szeliski,AI & Machine Learning,O'Reilly,Project Work
978-6006581606,Introduction to the Theory of Computation,Michael Sipser,Computer Science,O'Reilly,Personal Interest
979-4350581221,Principles of Economics,N. Gregory Mankiw,Economics,O'Reilly,Course Study
978-1793057460,Database System Concepts,Abraham Silberschatz,Database Systems,Wiley,Research
978-9314867019,The C Programming Language,"Brian W. Kernighan, Dennis M. Ritchie",Programming,McGraw-Hill,Research
979-6849728979,Artificial Intelligence: A Modern Approach,"Stuart Russell, Peter Norvig",Computer Science,O'Reilly,Reference
979-4968708505,Physics for Scientists and Engineers,"Raymond A. Serway, John W. Jewett",Physics,O'Reilly,Project Work
978-8108193991,Deep Learning,"Ian Goodfellow, Yoshua Bengio, Aaron Courville",AI & Machine Learning,O'Reilly,Reference
978-7016435726,The C Programming Language,"Brian W. Kernighan, Dennis M. Ritchie",Programming,Pearson,Reference
979-4920654779,Computer Networking: A Top-Down Approach,"James F. Kurose, Keith W. Ross",Networking,Pearson,Course Study
979-7734725477,Database System Concepts,Abraham Silberschatz,Database Systems,McGraw-Hill,Reference
978-1340884785,Artificial Intelligence: A Modern Approach,"Stuart Russell, Peter Norvig",Computer Science,O'Reilly,Personal Interest
979-9866978310,Introduction to Algorithms,Thomas H. Cormen,Algorithms,Cambridge,Project Work
978-4469845196,Deep Learning,"Ian Goodfellow, Yoshua Bengio, Aaron Courville",AI & Machine Learning,Wiley,Personal Interest
979-8387625141,Deep Learning,"Ian Goodfellow, Yoshua Bengio, Aaron Courville",AI & Machine Learning,Pearson,Personal Interest
978-8108193991,Deep Learning,"Ian Goodfellow, Yoshua Bengio, Aaron Courville",AI & Machine Learning,O'Reilly,Course Study
978-1995136525,Physics for Scientists and Engineers,"Raymond A. Serway, John W. Jewett",Physics,McGraw-Hill,Research
978-3045662176,Discrete Mathematics and Its Applications,Kenneth H. Rosen,Mathematics,Pearson,Personal Interest
978-9662826941,Principles of Economics,N. Gregory Mankiw,Economics,O'Reilly,Personal Interest
978-8108193991,Deep Learning,"Ian Goodfellow, Yoshua Bengio, Aaron Courville",AI & Machine Learning,O'Reilly,Course Study
979-7376647442,Artificial Intelligence: A Modern Approach,"Stuart Russell, Peter Norvig",Computer Science,Cambridge,Project Work
978-2829807266,Computer Vision: Algorithms and Applications,Richard Szeliski,AI & Machine Learning,Wiley,Reference
978-1340884785,Artificial Intelligence: A Modern Approach,"Stuart Russell, Peter Norvig",Computer Science,O'Reilly,Course Study
978-7447054548,Engineering Mechanics,R.C. Hibbeler,Engineering,Cambridge,Reference
979-5689886583,The Art of Computer Programming,Donald Knuth,Algorithms,O'Reilly,Course Study
978-5887993653,Operating System Concepts,Abraham Silberschatz,Operating Systems,Pearson,Project Work
979-2246858118,The Lean Startup,Eric Ries,Business & Management,McGraw-Hill,Project Work
978-2603345618,Computer Vision: Algorithms and Applications,Richard Szeliski,AI & Machine Learning,Springer,Project Work
978-1134401886,Discrete Mathematics and Its Applications,Kenneth H. Rosen,Mathematics,O'Reilly,Project Work
979-7325892900,Cryptography and Network Security,William Stallings,Cybersecurity,Cambridge,Reference
978-3843808371,Computer Networking: A Top-Down Approach,"James F. Kurose, Keith W. Ross",Networking,Cambridge,Research
978-6900178016,Introduction to Algorithms,Thomas H. Cormen,Algorithms,Cambridge,Personal Interest
979-1827110794,Cryptography and Network Security,William Stallings,Cybersecurity,McGraw-Hill,Course Study
979-3707684091,Discrete Mathematics and Its Applications,Kenneth H. Rosen,Mathematics,Pearson,Reference
979-5581894868,Calculus,James Stewart,Mathematics,Wiley,Reference
979-5689886583,The Art of Computer Programming,Donald Knuth,Algorithms,O'Reilly,Personal Interest
978-6900178016,Introduction to Algorithms,Thomas H. Cormen,Algorithms,Cambridge,Project Work
978-6944149613,The C Programming Language,"Brian W. Kernighan, Dennis M. Ritchie",Programming,McGraw-Hill,Project Work
979-2764608657,Discrete Mathematics and Its Applications,Kenneth H. Rosen,Mathematics,Springer,Course Study
979-6441169579,Design Patterns: Elements of Reusable Object-Oriented Software,"Erich Gamma, Richard Helm",Software Engineering,Oxford,Project Work
979-7734725477,Database System Concepts,Abraham Silberschatz,Database Systems,McGraw-Hill,Project Work
978-6944149613,The C Programming Language,"Brian W. Kernighan, Dennis M. Ritchie",Programming,McGraw-Hill,Project Work
979-7376647442,Artificial Intelligence: A Modern Approach,"Stuart Russell, Peter Norvig",Computer Science,Cambridge,Project Work
978-7447054548,Engineering Mechanics,R.C. Hibbeler,Engineering,Cambridge,Reference
979-6599698895,Artificial Intelligence: A Modern Approach,"Stuart Russell, Peter Norvig",Computer Science,Wiley,Reference
979-8387625141,Deep Learning,"Ian Goodfellow, Yoshua Bengio, Aaron Courville",AI & Machine Learning,Pearson,Reference
979-3966559544,Microelectronic Circuits,"Adel S. Sedra, Kenneth C. Smith",Electronics,McGraw-Hill,Research
978-8637101490,Microelectronic Circuits,"Adel S. Sedra, Kenneth C. Smith",Electronics,Oxford,Course Study
979-2216844724,Operating System Concepts,Abraham Silberschatz,Operating Systems,Cambridge,Personal Interest
979-5546277912,Computer Vision: Algorithms and Applications,Richard Szeliski,AI & Machine Learning,Cambridge,Personal Interest
979-4968708505,Physics for Scientists and Engineers,"Raymond A. Serway, John W. Jewett",Physics,O'Reilly,Research
978-5727147800,Engineering Mechanics,R.C. Hibbeler,Engineering,Pearson,Course Study
979-1827110794,Cryptography and Network Security,William Stallings,Cybersecurity,McGraw-Hill,Project Work
978-8107771429,Introduction to the Theory of Computation,Michael Sipser,Computer Science,Springer,Project Work
979-9505041486,Computer Networking: A Top-Down Approach,"James F. Kurose, Keith W. Ross",Networking,Springer,Course Study
978-9771293673,Microelectronic Circuits,"Adel S. Sedra, Kenneth C. Smith",Electronics,Wiley,Course Study
978-7239964901,The Art of Computer Programming,Donald Knuth,Algorithms,Wiley,Reference
979-3633269287,The Lean Startup,Eric Ries,Business & Management,Pearson,Personal Interest
978-9314867019,The C Programming Language,"Brian W. Kernighan, Dennis M. Ritchie",Programming,McGraw-Hill,Reference
979-4793600741,The Lean Startup,Eric Ries,Business & Management,Cambridge,Project Work
979-5581894868,Calculus,James Stewart,Mathematics,Wiley,Personal Interest
979-2764608657,Discrete Mathematics and Its Applications,Kenneth H. Rosen,Mathematics,Springer,Reference
979-1104815508,Microelectronic Circuits,"Adel S. Sedra, Kenneth C. Smith",Electronics,Wiley,Research
979-8387625141,Deep Learning,"Ian Goodfellow, Yoshua Bengio, Aaron Courville",AI & Machine Learning,Pearson,Research
978-5242739817,Digital Design,M. Morris Mano,Electronics,Pearson,Research
